{
  "project_info": {
    "project_number": "171724498554",
    "firebase_url": "https://app-controle-financeiro-lddm.firebaseio.com",
    "project_id": "app-controle-financeiro-lddm",
    "storage_bucket": "app-controle-financeiro-lddm.appspot.com"
  },
  "client": [
    {
      "client_info": {
        "mobilesdk_app_id": "1:171724498554:android:2a3bac74a1bc229f",
        "android_client_info": {
          "package_name": "com.diegoliv.appcontrolefinanceiro"
        }
      },
      "oauth_client": [
        {
          "client_id": "171724498554-dl1iif22akf5saje09174bstmiag273n.apps.googleusercontent.com",
          "client_type": 3
        }
      ],
      "api_key": [
        {
          "current_key": "AIzaSyC1am9Oat4XmYf0aDVtmk6XwgXqqHxewTA"
        }
      ],
      "services": {
        "appinvite_service": {
          "other_platform_oauth_client": [
            {
              "client_id": "171724498554-dl1iif22akf5saje09174bstmiag273n.apps.googleusercontent.com",
              "client_type": 3
            }
          ]
        }
      }
    },
    {
      "client_info": {
        "mobilesdk_app_id": "1:171724498554:android:4d5c74166f23aeaf",
        "android_client_info": {
          "package_name": "com.diegoliv.controlefinanceiro"
        }
      },
      "oauth_client": [
        {
          "client_id": "171724498554-dl1iif22akf5saje09174bstmiag273n.apps.googleusercontent.com",
          "client_type": 3
        }
      ],
      "api_key": [
        {
          "current_key": "AIzaSyC1am9Oat4XmYf0aDVtmk6XwgXqqHxewTA"
        }
      ],
      "services": {
        "appinvite_service": {
          "other_platform_oauth_client": [
            {
              "client_id": "171724498554-dl1iif22akf5saje09174bstmiag273n.apps.googleusercontent.com",
              "client_type": 3
            }
          ]
        }
      }
    }
  ],
  "configuration_version": "1"
}